{"count":1,"self":2698.2957056,"total":7826.7412723,"children":{"InitializeActuators":{"count":810,"self":0.0060716999999999993,"total":0.0060716999999999993,"children":null},"InitializeSensors":{"count":810,"self":0.0020004,"total":0.0020004,"children":null},"AgentSendState":{"count":258700,"self":19.5925568,"total":2302.1807329,"children":{"CollectObservations":{"count":11615950,"self":2196.9190912,"total":2196.9190055999998,"children":null},"WriteActionMask":{"count":11615950,"self":4.5599288,"total":4.5599286,"children":null},"RequestDecision":{"count":11615950,"self":12.6994432,"total":81.1092412,"children":{"AgentInfo.ToProto":{"count":11615950,"self":11.7811016,"total":68.409798299999991,"children":{"GenerateSensorData":{"count":11615950,"self":56.628697599999995,"total":56.6286967,"children":null}}}}}}},"DecideAction":{"count":258700,"self":2818.8442624,"total":2818.8442516,"children":null},"AgentAct":{"count":258700,"self":7.4078447999999995,"total":7.4078450999999994,"children":null},"AgentInfo.ToProto":{"count":765,"self":0.0009999,"total":0.0045636,"children":{"GenerateSensorData":{"count":765,"self":0.0035637,"total":0.0035637,"children":null}}}},"gauges":{"Survivor.CumulativeReward":{"count":607,"max":-12.7082434,"min":-23.6579266,"runningAverage":-21.4326782,"value":-21.5084381,"weightedAverage":-21.1989441},"Killer.CumulativeReward":{"count":153,"max":-8.20916748,"min":-32.209465,"runningAverage":-30.5136356,"value":-31.8094616,"weightedAverage":-23.00776}},"metadata":{"timer_format_version":"0.1.0","start_time_seconds":"1777271978","unity_version":"6000.4.0f1","command_line_arguments":"C:\\Program Files\\Unity\\Hub\\Editor\\6000.4.0f1\\Editor\\Unity.exe -projectpath C:\\Users\\Beau\\Documents\\GitHub\\DBDAISim -acceptSoftwareTermsForThisRunOnly -useHub -hubIPC -cloudEnvironment production","communication_protocol_version":"1.5.0","com.unity.ml-agents_version":"4.0.2","scene_name":"SampleScene","end_time_seconds":"1777279804"}}