{"count":1,"self":102.3377792,"total":138.4530398,"children":{"InitializeActuators":{"count":45,"self":0.0010008999999999999,"total":0.0010008999999999999,"children":null},"InitializeSensors":{"count":45,"self":0.0025020999999999997,"total":0.0025020999999999997,"children":null},"AgentSendState":{"count":3792,"self":0.1969813,"total":24.6502095,"children":{"CollectObservations":{"count":170640,"self":24.3318048,"total":24.331804599999998,"children":null},"WriteActionMask":{"count":170640,"self":0.0510211,"total":0.0510211,"children":null},"RequestDecision":{"count":170640,"self":0.070402499999999993,"total":0.070402499999999993,"children":null}}},"DecideAction":{"count":3792,"self":11.400447999999999,"total":11.400447999999999,"children":null},"AgentAct":{"count":3792,"self":0.061099299999999995,"total":0.061099299999999995,"children":null}},"gauges":{},"metadata":{"timer_format_version":"0.1.0","start_time_seconds":"1777440808","unity_version":"6000.4.0f1","command_line_arguments":"C:\\Program Files\\Unity\\Hub\\Editor\\6000.4.0f1\\Editor\\Unity.exe -projectpath C:\\Users\\Beau\\Documents\\GitHub\\DBDAISim -acceptSoftwareTermsForThisRunOnly -useHub -hubIPC -cloudEnvironment production","communication_protocol_version":"1.5.0","com.unity.ml-agents_version":"4.0.2","scene_name":"SampleScene","end_time_seconds":"1777440946"}}