{
    "name": "root",
    "gauges": {
        "Killer.Policy.Entropy.mean": {
            "value": 5.02056884765625,
            "min": 4.201627731323242,
            "max": 5.09147310256958,
            "count": 453
        },
        "Killer.Policy.Entropy.sum": {
            "value": 46269.5625,
            "min": 24491.3671875,
            "max": 52786.9296875,
            "count": 453
        },
        "Killer.Step.mean": {
            "value": 13529984.0,
            "min": 9009980.0,
            "max": 13529984.0,
            "count": 453
        },
        "Killer.Step.sum": {
            "value": 13529984.0,
            "min": 9009980.0,
            "max": 13529984.0,
            "count": 453
        },
        "Killer.Policy.ExtrinsicValueEstimate.mean": {
            "value": -0.27471423149108887,
            "min": -0.3739651143550873,
            "max": -0.06399215757846832,
            "count": 453
        },
        "Killer.Policy.ExtrinsicValueEstimate.sum": {
            "value": -21.702425003051758,
            "min": -29.169279098510742,
            "max": -5.055380344390869,
            "count": 453
        },
        "Killer.IsTraining.mean": {
            "value": 1.0,
            "min": 1.0,
            "max": 1.0,
            "count": 453
        },
        "Killer.IsTraining.sum": {
            "value": 1.0,
            "min": 1.0,
            "max": 1.0,
            "count": 453
        },
        "Killer.Losses.PolicyLoss.mean": {
            "value": 0.1012585528815786,
            "min": 0.0484025219688192,
            "max": 0.17760499467452368,
            "count": 436
        },
        "Killer.Losses.PolicyLoss.sum": {
            "value": 0.1012585528815786,
            "min": 0.0484025219688192,
            "max": 0.17760499467452368,
            "count": 436
        },
        "Killer.Losses.ValueLoss.mean": {
            "value": 0.0009533436736091971,
            "min": 0.0005008232789502168,
            "max": 3.1442908825508007,
            "count": 436
        },
        "Killer.Losses.ValueLoss.sum": {
            "value": 0.0009533436736091971,
            "min": 0.0005008232789502168,
            "max": 3.1442908825508007,
            "count": 436
        },
        "Killer.Policy.LearningRate.mean": {
            "value": 0.00029594403975198726,
            "min": 0.00029594403975198726,
            "max": 0.00029729543250152265,
            "count": 436
        },
        "Killer.Policy.LearningRate.sum": {
            "value": 0.00029594403975198726,
            "min": 0.00029594403975198726,
            "max": 0.00029729543250152265,
            "count": 436
        },
        "Killer.Policy.Epsilon.mean": {
            "value": 0.19864801279999994,
            "min": 0.19864801279999994,
            "max": 0.19909847719999998,
            "count": 436
        },
        "Killer.Policy.Epsilon.sum": {
            "value": 0.19864801279999994,
            "min": 0.19864801279999994,
            "max": 0.19909847719999998,
            "count": 436
        },
        "Killer.Policy.Beta.mean": {
            "value": 0.00493253583872,
            "min": 0.00493253583872,
            "max": 0.00495501401228,
            "count": 436
        },
        "Killer.Policy.Beta.sum": {
            "value": 0.00493253583872,
            "min": 0.00493253583872,
            "max": 0.00495501401228,
            "count": 436
        },
        "Killer.Environment.EpisodeLength.mean": {
            "value": 15083.0,
            "min": 15032.0,
            "max": 15083.0,
            "count": 33
        },
        "Killer.Environment.EpisodeLength.sum": {
            "value": 135747.0,
            "min": 135288.0,
            "max": 135747.0,
            "count": 33
        },
        "Killer.Environment.CumulativeReward.mean": {
            "value": -29.775067273941303,
            "min": -31.88829968571663,
            "max": -26.336633507162333,
            "count": 36
        },
        "Killer.Environment.CumulativeReward.sum": {
            "value": -267.97560546547174,
            "min": -285.87469993904233,
            "max": -62.31680131331086,
            "count": 36
        },
        "Killer.Policy.ExtrinsicReward.mean": {
            "value": -29.775067273941303,
            "min": -31.88829968571663,
            "max": -26.336633507162333,
            "count": 36
        },
        "Killer.Policy.ExtrinsicReward.sum": {
            "value": -267.97560546547174,
            "min": -285.87469993904233,
            "max": -62.31680131331086,
            "count": 36
        },
        "Survivor.Policy.Entropy.mean": {
            "value": 9.31900405883789,
            "min": 7.056918621063232,
            "max": 9.388989448547363,
            "count": 1811
        },
        "Survivor.Policy.Entropy.sum": {
            "value": 107019.4375,
            "min": 49145.5078125,
            "max": 128258.703125,
            "count": 1811
        },
        "Survivor.Step.mean": {
            "value": 54099879.0,
            "min": 35999895.0,
            "max": 54099879.0,
            "count": 1811
        },
        "Survivor.Step.sum": {
            "value": 54099879.0,
            "min": 35999895.0,
            "max": 54099879.0,
            "count": 1811
        },
        "Survivor.Policy.ExtrinsicValueEstimate.mean": {
            "value": -0.17266803979873657,
            "min": -0.798690915107727,
            "max": -0.0038054967299103737,
            "count": 1811
        },
        "Survivor.Policy.ExtrinsicValueEstimate.sum": {
            "value": -13.468107223510742,
            "min": -62.297889709472656,
            "max": -0.2968287467956543,
            "count": 1811
        },
        "Survivor.IsTraining.mean": {
            "value": 1.0,
            "min": 1.0,
            "max": 1.0,
            "count": 1811
        },
        "Survivor.IsTraining.sum": {
            "value": 1.0,
            "min": 1.0,
            "max": 1.0,
            "count": 1811
        },
        "Survivor.Losses.PolicyLoss.mean": {
            "value": 0.05318077030648111,
            "min": 0.02806314500622014,
            "max": 0.197722123032718,
            "count": 1574
        },
        "Survivor.Losses.PolicyLoss.sum": {
            "value": 0.05318077030648111,
            "min": 0.02806314500622014,
            "max": 0.197722123032718,
            "count": 1574
        },
        "Survivor.Losses.ValueLoss.mean": {
            "value": 0.0013851167250047156,
            "min": 1.955626851703154e-08,
            "max": 11.621308941281203,
            "count": 1574
        },
        "Survivor.Losses.ValueLoss.sum": {
            "value": 0.0013851167250047156,
            "min": 1.955626851703154e-08,
            "max": 11.621308941281203,
            "count": 1574
        },
        "Survivor.Policy.LearningRate.mean": {
            "value": 0.00028377015690994947,
            "min": 0.00028377015690994947,
            "max": 0.00028919922870025824,
            "count": 1574
        },
        "Survivor.Policy.LearningRate.sum": {
            "value": 0.00028377015690994947,
            "min": 0.00028377015690994947,
            "max": 0.00028919922870025824,
            "count": 1574
        },
        "Survivor.Policy.Epsilon.mean": {
            "value": 0.1945900505,
            "min": 0.1945900505,
            "max": 0.19639974170000002,
            "count": 1574
        },
        "Survivor.Policy.Epsilon.sum": {
            "value": 0.1945900505,
            "min": 0.1945900505,
            "max": 0.19639974170000002,
            "count": 1574
        },
        "Survivor.Policy.Beta.mean": {
            "value": 0.00473004351995,
            "min": 0.00473004351995,
            "max": 0.00482034711083,
            "count": 1574
        },
        "Survivor.Policy.Beta.sum": {
            "value": 0.00473004351995,
            "min": 0.00473004351995,
            "max": 0.00482034711083,